Animal Type,Converted number
0.5834486886901867,0
0.4165513113098133,1
