Outcome,Converted number
0.40289573122825395,0
0.3525010288450746,1
0.1790564555351865,2
0.05817651240225972,3
0.007370271989225186,4
