Sex upon outcome,Converted number
0.36587099670757256,0
0.32999102065249925,1
0.13188416641724035,2
0.13136037114636337,3
0.040893445076324454,4
